{
  "$schema":"https://schema.management.azure.com/schemas/2015-01-01/deploymentTemplate.json#",
  "contentVersion":"1.0.0.0",
  "parameters":{
    "templatesBaseURL":{
      "type":"string",
      "metadata":{
        "description":"Base template URL for nested template",
        "artifactsBaseUrl":""
      },
      "defaultValue":"https://raw.githubusercontent.com/PrestaShop/azure-template-basic/master"
    },
    "dnsNameForAnsiblePublicIP":{
      "type":"string",
      "metadata":{
        "description":"Dns Name for  Prestashop VM"
      }
    },
    "hcPublicIPAddressName":{
      "type":"string",
      "defaultValue":"pspubip",
      "metadata":{
        "description":"Public IP address Name for  Prestashop VM"
      }
    },
    "adminUserName":{
      "type":"string",
      "metadata":{
        "description":"Username for the Ansible Control Virtual Machine"
      },
      "defaultValue":"pr35745h0p"
    },
    "authenticationType":{
      "type":"string",
      "allowedValues":[
        "password",
        "sshPublicKey"
      ]
    },
    "adminPassword":{
      "type":"securestring",
      "defaultValue":"",
      "metadata":{
        "description":"Password for the Virtual Machine. Not used if authenticationType of sshPublicKey."
      }
    },
    "sshKeyData":{
      "type":"string",
      "defaultValue": "",
      "metadata":{
        "description":"SSH RSA public key file as a string. Not used if authenticationType of password."
      }
    },
    "hcVmSize":{
      "type":"string",
      "defaultValue":"Standard_DS1",
      "metadata":{
        "description":"Instance size for  Prestashop VMs"
      }
    },
    "hcStorageAccountName":{
      "type":"string",
      "metadata":{
        "description":"Storage Account Name for  Prestashop VM"
      }
    },
    "hcStorageAccountType":{
      "type":"string",
      "defaultValue":"Premium_LRS",
      "metadata":{
        "description":"Storage Account type for  Prestashop VM"
      }
    },
    "hcNetworkSecurityGroupName":{
      "type":"string",
      "metadata":{
        "description":"Network Security group for Prestashop VM"
      },
      "defaultValue":"hcSecurityGroup"
    },
    "shopSize":{
      "type":"string",
      "defaultValue":"Small",
      "allowedValues":[
        "Small",
        "Medium",
        "Large"
      ],
      "metadata":{
        "description":"T-shirt size of the PrestaShop cluster"
      }
    },
    "prestashop_firstname":{
      "type":"string",
      "metadata":{
        "description":"Prestatshop Admin Firstname"
      }
    },
    "prestashop_lastname":{
      "type":"string",
      "metadata":{
        "description":"Prestatshop Admin Lastname"
      }
    },
    "prestashop_email":{
      "type":"string",
      "metadata":{
        "description":"Prestatshop Admin email"
      }
    },
    "prestashop_password":{
      "type":"securestring",
      "metadata":{
        "description":"Prestatshop Admin Password"
      }
    },
    "hcSubnetPrefix":{
      "type":"string",
      "metadata":{
        "description":"Control VM Subnet Prefix"
      },
      "defaultValue":"10.0.0.0/24"
    },
    "virtualNetworkName":{
      "type":"string",
      "metadata":{
        "description":"Virtual Network Name"
      },
      "defaultValue":"vnet-prestashop"
    },
    "addressPrefix":{
      "type":"string",
      "metadata":{
        "description":"Virtual Network address Prefix"
      },
      "defaultValue":"10.0.0.0/16"
    },
    "hcSubnetName":{
      "type":"string",
      "metadata":{
        "description":"Name of Prestashop subnet"
      },
      "defaultValue":"hc-subnet"
    },
    "location":{
      "type":"string",
      "metadata": {
        "description":"Deployment location"
      }
    }
  },
  "variables":{
    "configuration":{
      "sharTemplateURL":"[concat(parameters('templatesBaseURL'),'/nested/sharedRes.json')]",
      "prestaTemplateURL":"[concat(parameters('templatesBaseURL'),'/nested/prestashop.json')]"
    },
    "subnetCIDR":".0/24",
    "hcOSDiskName":"hcosdisk",
    "diagnosticsStorageAccountName": "[concat(uniqueString(resourceGroup().id),'diag')]",
    "diagnosticsStorageAccountType": "Standard_LRS",
    "hcNicName":"hcVnic",
    "apiVersion":{
      "resources":{
        "deployments":"2015-01-01"
      },
      "network":"2015-06-15",
      "storage":"2015-06-15",
      "compute":"2015-06-15",
      "deployment":"2016-02-01"
    },
    "cleanRGP":"[uniqueString(resourceGroup().id, deployment().name)]",
    "hcVmName":"[concat('ans', variables('cleanRGP'))]",
    "hcSubnetRoot":"[concat( split(parameters('hcSubnetPrefix'), '.')[0], '.', split(parameters('hcSubnetPrefix'), '.')[1], '.', split(parameters('hcSubnetPrefix'), '.')[2])]"
  },
  "resources":[
    {
      "comments":"OK: Shared resource deployment",
      "name":"SharedDeployment",
      "type":"Microsoft.Resources/deployments",
      "apiVersion":"[variables('apiVersion').deployment]",
      "dependsOn":[
      ],
      "properties":{
        "mode":"Incremental",
        "templateLink":{
          "uri":"[variables('configuration').sharTemplateURL]",
          "contentVersion":"1.0.0.0"
        },
        "parameters":{
          "location":{
            "value":"[parameters('location')]"
          },
          "diagnosticsStorageAccountName":{
            "value":"[variables('diagnosticsStorageAccountName')]"
          },
          "diagnosticsStorageAccountType":{
            "value":"[variables('diagnosticsStorageAccountType')]"
          },
          "hcStorageAccountName":{
            "value":"[parameters('hcStorageAccountName')]"
          },
          "hcStorageAccountType":{
            "value":"[parameters('hcStorageAccountType')]"
          },
          "hcPublicIPAddressName":{
            "value":"[parameters('hcPublicIPAddressName')]"
          },
          "dnsNameForAnsiblePublicIP":{
            "value":"[parameters('dnsNameForAnsiblePublicIP')]"
          },
          "virtualNetworkName":{
            "value":"[parameters('virtualNetworkName')]"
          },
          "addressPrefix":{
            "value":"[parameters('addressPrefix')]"
          },
          "hcSubnetName":{
            "value":"[parameters('hcSubnetName')]"
          },
          "hcSubnetPrefix":{
            "value":"[parameters('hcSubnetPrefix')]"
          },
          "hcNetworkSecurityGroupName":{
            "value":"[parameters('hcNetworkSecurityGroupName')]"
          }
        }
      }
    },
    {
      "comments":"OK: Prestashop resource deployment",
      "name":"PrestaShopDeployment",
      "type":"Microsoft.Resources/deployments",
      "apiVersion":"[variables('apiVersion').deployment]",
      "dependsOn":[
          "[concat('Microsoft.Resources/deployments/', 'SharedDeployment')]"
      ],
      "properties":{
        "mode":"Incremental",
        "templateLink":{
          "uri":"[variables('configuration').prestaTemplateURL]",
          "contentVersion":"1.0.0.0"
        },
        "parameters":{
          "location":{
            "value":"[parameters('location')]"
          },
          "templatesBaseURL":{
            "value":"[parameters('templatesBaseURL')]"
          },
          "adminUserName":{
            "value":"[parameters('adminUserName')]"
          },
          "adminPassword":{
            "value":"[parameters('adminPassword')]"
          },
          "sshKeyData":{
            "value":"[parameters('sshKeyData')]"
          },
          "authenticationType":{
            "value":"[parameters('authenticationType')]"
          },
          "hcStorageAccountName":{
            "value":"[parameters('hcStorageAccountName')]"
          },
          "dnsNameForAnsiblePublicIP":{
            "value":"[parameters('dnsNameForAnsiblePublicIP')]"
          },
          "hcPublicIPAddressName":{
            "value":"[parameters('hcPublicIPAddressName')]"
          },
          "virtualNetworkName":{
            "value":"[parameters('virtualNetworkName')]"
          },
          "hcSubnetName":{
            "value":"[parameters('hcSubnetName')]"
          },
          "hcSubnetPrefix":{
            "value":"[parameters('hcSubnetPrefix')]"
          },
          "prestashop_firstname":{
            "value":"[parameters('prestashop_firstname')]"
          },
          "prestashop_lastname":{
            "value":"[parameters('prestashop_lastname')]"
          },
          "prestashop_email":{
            "value":"[parameters('prestashop_email')]"
          },
          "prestashop_password":{
            "value":"[parameters('prestashop_password')]"
          },
          "hcVmSize":{
            "value":"[parameters('hcVmSize')]"
          },
          "hcVmName":{
            "value":"[variables('hcVmName')]"
          },
          "shopSize":{
            "value":"[parameters('shopSize')]"
          },
          "diagnosticsStorageAccountName":{
            "value":"[variables('diagnosticsStorageAccountName')]"
          }
        }
      }
    }
  ],
  "outputs":{
    "prestashop_fqdn":{
      "value": "[reference(resourceId('Microsoft.Network/publicIPAddresses',parameters('hcPublicIPAddressName')),providers('Microsoft.Network', 'publicIPAddresses').apiVersions[0]).dnsSettings.fqdn]",
      "type":"string"
    }
  }
}